key,ko,en
meta.lang,ko,en
meta.title,리얼랭커스 - 입지 분석의 표준 | 아파트 실거래가,Realrankus - The Standard of Location Analysis | Apartment Real Transaction Prices
meta.description,"입지 분석의 표준 | 숫자로 보는 아파트 입지 분석, 리얼랭커스 | 아파트 실거래가","Data-driven apartment location analysis in South Korea. Check real transaction prices, living, transport, infrastructure, and education scores on Realrankus."
meta.og_title,리얼랭커스,Realrankus
meta.og_description,입지 분석의 표준 | 아파트 실거래가,The Standard of Location Analysis | Apartment Real Transaction Prices in South Korea
meta.og_site_name,리얼랭커스,Realrankus
meta.twitter_description,"입지 분석의 표준 | 숫자로 보는 아파트 입지 분석, 리얼랭커스 | 아파트 실거래가","Data-driven apartment location analysis in South Korea. Check real transaction prices, living, transport, infrastructure, and education scores on Realrankus."
meta.keywords,"리얼랭커스, 아파트순위, 부동산, 아파트, 입지, 순위, 아파트입지, 우리동네, 호가, 대장아파트, 최고가, 신고가, 호재, AI, 등수, 아파트 실거래가, 아파트 시세, 재건축, 재개발, 실거래가, 시세, 호가, 매매, 전세, 월세","Realrankus, apartment ranking, real estate Korea, apartment, location analysis, ranking, apartment prices, market value, transaction prices, sale, lease, rent"
meta.apple_title,리얼랭커스,Realrankus
meta.canonical,https://www.realrankus.com/,https://www.realrankus.com/en/
ui.title_text,리얼랭커스,Realrankus
ui.search_placeholder,어느 단지를 찾아볼까요?,Which complex are you looking for?
ui.search_example,"예) 강남 래미안, 래미안 힐스테이트, 주공","e.g.) Gangnam Raemian, Hillstate, Jugong"
ui.unified_search_placeholder,두 글자 이상 입력해 주세요,Enter at least 2 characters
ui.nationwide_search,전국검색,Nationwide
ui.local_search,지역내검색,Local
ui.region_search_notice,전국 시군구 이름으로 검색합니다.,Search by city/district name.
ui.region_search_placeholder,어느 시군구를 찾아볼까요?,Which district are you looking for?
ui.region_search_example,"예) 서울, 창원, 강남, 서구","e.g.) Seoul, Changwon, Gangnam, Seo-gu"
ui.compare_search_placeholder,전국 단지를 검색하세요,Search complexes nationwide
ui.loading_rank,단지별 랭크를 계산하고 있어요!,Calculating rankings for each complex!
ui.loading_region,지역 정보를 불러오고 있어요!,Loading regional data!
ui.loading_retry,로딩이 길다면 여기를 눌러 다시 불러오기!!,Taking too long? Click here to reload!
ui.copied,클립보드에 복사되었습니다.,Copied to clipboard.
ui.close_search,검색닫기,Close Search
ui.close_sort,정렬닫기,Close Sort
ui.list_view,목록보기,List
ui.map_view,지도보기,Map
ui.sort_grade,등급순,By Grade
ui.sort_price,실거래가순,By Price
ui.sort_newest,신축순,By Newest
ui.sort_units,세대수순,By Units
ui.sort_total,총점순,By Total Score
ui.sort_rank_change,순위변동순,By Rank Change
ui.sort_population,인구순,By Population
ui.sort_pop_change,인구증감순,By Pop. Change
ui.sort_jobs,일자리순,By Jobs
ui.sort_income,소득순,By Income
ui.filter,필터,Filter
ui.filter_area,평형,Size
ui.filter_price,가격,Price
ui.report_publish,리포트 발행,Publish Report
ui.compare_complex,단지 비교하기,Compare Complexes
ui.graph_analysis,동별 고·저평가 아파트 분석,Overvalued / Undervalued Analysis
ui.modal_wait,잠시만 기다려 주세요,Please wait...
ui.no_graph_data,표시할 그래프 데이터가 없습니다.,No graph data available.
ui.load_failed,불러올 수 없었어요. 다시 시도해 주세요.,Failed to load. Please try again.
ui.page_moving,페이지 이동 중입니다,Redirecting...
ui.app_download_desc,"리얼랭커스 앱을 설치하시면,<br>더 넓은 화면으로 볼 수 있어요!<br><span style='font-size: 0.75em; color: #999;'>(앱 크기가 5메가도 안 돼요!)</span>","If you install the Realrankus app,<br>you can view it on a wider screen!<br><span style='font-size: 0.75em; color: #999;'>(App size is less than 5MB!)</span>"
ui.app_download_btn,앱 설치하기,Install App
ui.app_download_cancel,"괜찮아요, 모바일 웹으로 볼게요","No thanks, I'll view on mobile web"
ui.no_likes,좋아요 단지가 없어요,No liked complexes yet.
ui.no_likes_suggest,가장 먼저 마음에 드는 단지에,Why not be the first to
ui.no_likes_action,좋아요,Like
ui.no_likes_question,를 해 주시는건 어떨까요?,a complex you like?
ui.weight_living,주거,Living
ui.weight_transport,교통,Transport
ui.weight_infra,인프라,Infra
ui.weight_edu,교육,Education
ui.search_suffix,검색,Search
ui.search_example_korea_local,"예) 강남, 분당, 수지, 해운대","e.g.) Gangnam, Bundang, Suji, Haeundae"
ui.search_example_local,"예) 서초동, 래미안, 힐스테이트, 주공","e.g.) Seocho-dong, Raemian, Hillstate, Jugong"
ui.search_example_global,"예) 강남 래미안, 래미안 힐스테이트, 주공","e.g.) Gangnam Raemian, Raemian Hillstate, Jugong"
ui.area_unit,평,py
ui.price_unit,억,00M KRW
ui.price_all,가격 전체,All Prices
ui.area_all,평형 전체,All Sizes
ui.price_unit_under,억 이하,00M KRW or under
ui.price_unit_over,억 이상,00M KRW or over
ui.weight_default_suffix, 가중치 (기본값), weights (default)
ui.supply_pop_jobs,공급필요/인구/일자리,Supply/Population/Jobs
ui.top300_living,주거우선 TOP 300,Living TOP 300
ui.top300_transport,출퇴근 교통 TOP 300,Commute/Transport TOP 300
ui.top300_infra,인프라우선 TOP 300,Infrastructure TOP 300
ui.top300_edu,교육우선 TOP 300,Education TOP 300
ui.top300_balanced,균형잡힌 TOP 300,Balanced TOP 300
ui.meta_apt_suffix,"입지분석, 시세, 실거래가 | 표준화된 리얼랭커스 입지분석","Location Analysis, Market Value, Real Transaction Prices | Realrankus"
ui.meta_apt_desc_suffix,"의 주거, 교통, 인프라, 교육 환경 분석 정보를 데이터로 확인하세요."," - Check living, transport, infrastructure, and education analysis data."
ui.region_label,지역,Region
ui.regions.Korea,전국,Nationwide
ui.regions.Seoul,서울시,Seoul
ui.regions.Gyeonggi,경기도,Gyeonggi-do
ui.regions.Busan,부산시,Busan
ui.regions.Daegu,대구시,Daegu
ui.regions.Incheon,인천시,Incheon
ui.regions.Gwangju,광주시,Gwangju
ui.regions.Daejeon,대전시,Daejeon
ui.regions.Ulsan,울산시,Ulsan
ui.regions.Sejong,세종시,Sejong
ui.regions.Gangwondo,강원도,Gangwon-do
ui.regions.Chungcheongbukdo,충청북도,Chungcheongbuk-do
ui.regions.Chungcheongnamdo,충청남도,Chungcheongnam-do
ui.regions.Jeollabukdo,전북도,Jeollabuk-do
ui.regions.Jeollanamdo,전라남도,Jeollanam-do
ui.regions.Gyeongsangbukdo,경상북도,Gyeongsangbuk-do
ui.regions.Gyeongsangnamdo,경상남도,Gyeongsangnam-do
ui.regions.Jejudo,제주도,Jeju-do
ui.view_naver,네이버 부동산 보기,Naver Real Estate
ui.view_hogangnono,호갱노노 보기,Hogangnono
ui.view_apartment,{name} 아파트 보기,View {name}
ui.menu.aptrank,아파트분석,Analysis
ui.menu.aptrank_desc,"대한민국 아파트 입지, 리얼랭커스",Korea Apartment Analysis
ui.menu.price,실거래가,Realtime Prices
ui.menu.price_desc,"보기 편한 실거래가, 리얼랭커스PRICE",User-Friendly Realtime Prices
ui.menu.biz,지역분석,Regional
ui.menu.biz_desc,"지역단위 부동산 시장 현황, 리얼랭커스BIZ",Regional Real Estate Market Status
ui.menu.cityclass,급지표,Tier List
ui.menu.cityclass_desc,"전국의 도시별 백분위표, City Class",National City percentile table
ui.menu.moneyflow,시장지표,Indicators
ui.menu.moneyflow_desc,"하루 한 번 시장 지표를 읽는 습관, Money Flow",Daily habit of reading market indicators
ui.menu.theme,테마검색,Themes
ui.menu.theme_desc,"공시 1억, 5층 이하 / 분양권 / 재건축 모아보기",Under 5 floors / Pre-sales / Reconstruction
ui.menu.newsinfo,뉴스,News
ui.menu.newsinfo_desc,"부동산, 금융, 경제 뉴스 모아보기, 리얼랭커스 NEWS","Real estate, finance, economic news"
ui.menu.priceCal,분양가계산,Calculator
ui.menu.priceCal_desc,"적정 분양가의 합리적 계산, 분양가 GENERATOR",Reasonable calculation of pre-sale price
ui.menu.op,오피스텔분석,Officetels
ui.menu.op_desc,"대한민국 오피스텔 입지, 오피스텔랭크",Korea Officetel Location Analysis
ui.menu.notice,공지사항 / 업데이트,Notice / Updates
ui.menu.cafe,네이버 카페,Naver Cafe
ui.menu.lang_switch_desc,Korean(한국어) → English(영어),영어(English) → 한국어(Korean)
ui.menu.youtube,유튜브: @realrankus,YouTube: @realrankus
ui.menu.instagram,인스타그램: @realrankus,Instagram: @realrankus
ui.menu.facebook,페이스북,Facebook
ui.menu.app_download,앱 다운로드,App Download
ui.menu.coffeechat_title,"""{years}년 차를 맞이한 지속 가능한 AI 서비스, 리얼랭커스""","Celebrating {years} Years of Sustainable AI Service, Realrankus"
ui.menu.coffeechat_desc,2022년 런칭 이후 1인 기업으로서 꾸준한 데이터 업데이트와 고도화를 통해 시장의 신뢰를 쌓아왔습니다. 서비스의 미래 비전 혹은 협업에 관한 가벼운 커피챗 제안을 기다리고 있습니다.,"Since launching in 2022 as a solopreneur, I have built market trust through continuous data updates and refinement. I welcome light coffee chat proposals regarding the service's future vision or collaboration."
ui.menu.coffeechat_link,커피챗 : ,Coffee Chat: 
ui.menu.company_name,리얼랭커스,Realrankus
ui.menu.company_title,서비스명,Company
ui.menu.contact_title,제휴문의,Contact
ui.menu.ceo_title,대표자,CEO
ui.menu.ceo_name,김선우,Sunwoo Kim
ui.menu.planner_title,기획자,Strategic Planner
ui.menu.planner_name,원문정,Moonjeong Won
ui.menu.biz_reg_title,사업자번호,Biz Registration No.
ui.menu.ecommerce_title,통신판매번호,eCommerce License No.
ui.menu.office_title,소재지,Head Office
ui.menu.office_address,"서울시 강남구 테헤란로77길 11-9, A동 113호(삼성동)","7F A113, 11-9, Teheran-ro 77-gil, Gangnam-gu, Seoul"
ui.menu.policy,이용약관,Terms of Use
ui.menu.privacy,개인정보처리방침,Privacy Policy
ui.menu.naver_logout,네이버 로그아웃,Naver Sign out
ui.menu.kakao_logout,카카오 로그아웃,Kakao Sign out
ui.menu.apple_logout,Apple 로그아웃,Apple Sign out
ui.menu.login_popup,리얼랭커스의 모든 서비스를 이용하세요,Access all features on Realrankus
ui.menu.login_btn,리얼랭커스 로그인,Sign in to Realrankus
ui.menu.welcome_msg,{nickname}님 반갑습니다!<br><span style='font-size:0.8em'>모든 서비스를 이용할 수 있어요</span>,"Welcome, {nickname}!<br><span style='font-size:0.8em'>You can use all services</span>"
ui.menu.welcome_msg_email,{email}<br><span style='font-size:0.8em'>모든 서비스를 이용할 수 있어요</span>,{email}<br><span style='font-size:0.8em'>You can use all services</span>
ui.report.banner_template,"{region}에서 처음 집 살 때 실패하지 않는 기준, 리얼 리포트 (29,900원)","The report for buying your first home in {region}, Real Report (29,900 KRW)"
ui.report.banner_template_mobile,"{region}에서 처음 집 살 때 실패하지 않는 기준,<br/>리얼 리포트 (29,900원)","The report for buying your first home in {region},<br/>Real Report (29,900 KRW)"
ui.report.banner_map_template,"{region}에서 처음 집 살 때 실패하지 않는 기준, 리얼 리포트","The report for buying your first home in {region}, Real Report"
ui.report.banner_map_template_mobile,"{region}에서 처음 집 살 때 실패하지 않는 기준,<br/>리얼 리포트","The report for buying your first home in {region}, Real Report"
ui.report.age_descriptions.0,"사회초년, 결혼준비","Early career, marriage prep"
ui.report.age_descriptions.1,"신혼, 자녀출산","Newlyweds, childbirth"
ui.report.age_descriptions.2,"커리어상승, 자녀양육","Career growth, parenting"
ui.report.age_descriptions.3,"커리어최고, 자녀학령","Career peak, school-aged children"
ui.report.age_descriptions.4,"관리/임원급, 자녀성년","Management/Executive, adult children"
ui.report.age_descriptions.5,"커리어하강/은퇴, 자녀독립","Career decline/Retirement, children independent"
ui.report.age_descriptions.6,"노후, 후대양성","Senior years, legacy building"
ui.report.step_customer_info,① 고객 정보,① Customer Info
ui.report.step_customer_desc,"고객님의 부동산 맞춤 리포트를 작성하기 위해 아래 정보를 입력해 주세요.<br/> 고객님의 이름은 리포트 발행 전, 입금 계좌 일치 여부 확인에 사용되며, 이메일 주소는 발행되는 리포트를 받는 데 사용됩니다.<br/> 리포트 발행 비용은 29,900원이며, 입금 확인 후 24시간 이내에 리포트가 발행되어 이메일로 전송됩니다.","Please enter the information below to generate your personalized real estate report.<br/>Your name will be used to verify the payment account, and your email will be used to send the completed report.<br/>The report fee is 29,900 KRW, and your report will be generated and sent via email within 24 hours of payment verification."
ui.report.customer_name,고객이름,Name
ui.report.customer_email,이메일,Email
ui.report.enter_domain,직접 입력,Enter domain
ui.report.customer_age,고객연령,Age
ui.report.customer_family,가족구성,Family Size
ui.report.customer_children,자녀구성,Children
ui.report.customer_children_type,자녀구성구분,Children Type
ui.report.customer_income,가족연소득,Annual Income
ui.report.step_budget,② 예산 설정,② Budget Settings
ui.report.step_budget_desc,"'사용 가능 예산'은 고객님이 실제로 사용할 수 있는 예산을 의미하고, '대출 가능 금액'은 고객님이 대출을 통해 추가로 사용할 수 있는 금액을 의미합니다.<br/> 예를 들어, 고객님의 사용 가능 예산이 3억원이고, 대출 가능 금액이 2억원인 경우, 총 5억원의 예산으로 부동산이 추천됩니다.","'Available Cash' refers to the cash/equity you can actually use, and 'Loan Limit' refers to the additional amount you can borrow.<br/>For example, if your available cash is 300 Million KRW and your loan limit is 200 Million KRW, complexes will be recommended based on a total budget of 500 Million KRW."
ui.report.budget_cash,사용 가능 예산,Available Cash
ui.report.budget_loan,대출 가능 금액,Loan Limit
ui.report.currency_unit,원,KRW
ui.report.currency_unit_won,원,KRW
ui.report.step_location,③ 자주 가는 위치,③ Frequent Location
ui.report.step_location_desc,"먼저 ""대중교통이동"" 또는 ""자차이동"" 중 하나는 선택한 뒤, 아래 지도에서 자주 가는 위치를 설정해 주세요.<br/> 자주 가는 위치는 일반적으로 직장의 위치를 의미하며, 설정된 위치를 기준으로 선택된 대중교통 또는 자차로의 이동 시간을 고려한 단지가 추천됩니다.","First, select either 'Public Transport' or 'Driving', then set your frequent location on the map below.<br/>This is typically your workplace. Recommended complexes will consider commute times to this location using your selected transport method."
ui.report.public_transport,대중교통이동,Public Transport
ui.report.driving,자차이동,Driving
ui.report.search_map,지도이동,Search Map
ui.report.step_preferred_districts,④ 원하는 지역,④ Preferred Districts
ui.report.step_preferred_districts_desc,고객님께서 선호하는 지역을 군구 단위로 최대 4곳까지 선택해 주세요. 선택된 지역에서 예산 내의 단지가 우선적으로 추천됩니다.,Select up to 4 preferred districts (cities/counties). Complexes within these districts will be prioritized for recommendation within your budget.
ui.report.add_region,+ 지역추가,+ Add Region
ui.report.step_priorities,⑤ 중요도 선정,⑤ Importance / Priorities
ui.report.step_priorities_desc,"고객님께서 중요하게 생각하시는 항목들의 우선순위를 설정해 주세요. 각 항목의 중요도에 따라 단지 추천 시 반영됩니다.<br/> 단, 모든 항목의 중요도를 동일하게 설정할 경우, 균형 잡힌 단지 추천이 이루어집니다.",Set the priorities for the items you care about. These weights will be factored into the complex recommendations.<br/>Setting equal weights for all items will result in balanced recommendations.
ui.report.modal_title,리얼리포트 요청,Request Real Report
ui.report.view_sample,샘플보기: 홍길동님을 위한 리얼랭커스 추천 보고서.pdf,View Sample: Realrankus Recommended Report for Gildong Hong.pdf
ui.report.temp_save,임시저장,Temp Save
ui.report.load_temp,불러오기,Load
ui.report.load_temp_full,임시저장 불러오기,Load Temp Save
ui.report.confirm_info,요청 정보 확인,Confirm Request Info
ui.report.confirm_title,리얼리포트 요청 정보 확인,Confirm Report Request Details
ui.report.customer_info,고객 정보,Customer Info
ui.report.customer_fav_point_address,자주 가는 위치,Frequent Location
ui.report.customer_wanted_region_str,원하는 지역,Preferred Districts
ui.report.customer_priority,중요도,Priorities
ui.report.confirm_desc_1,"고객님의 입력 정보를 최종 확인 후, '리포트 요청하기' 버튼을 누르시면 리포트 요청이 완료됩니다.",Review your information and click 'Submit Request' to complete your request.
ui.report.confirm_desc_2,"리포트 요청 완료 후, 입금이 확인되면 리포트 제작이 시작되며, 24시간 이내에 이메일로 리포트가 발송됩니다.","Once payment is verified, the report generation will begin and the final PDF will be sent to your email within 24 hours."
ui.report.confirm_desc_3,문의사항은 카카오톡 채널 '리얼랭커스'로 문의해 주세요.,"For any inquiries, contact us via KakaoTalk channel 'Realrankus'."
ui.report.account_no,계좌번호 : 신협 137-015-668232,Bank: Shinhyup 137-015-668232
ui.report.account_holder,예금주 : 원ㅇ정,Account Holder: Won O Jeong
ui.report.account_price,"가격 : 29,900원","Price: 29,900 KRW"
ui.report.copy_btn,[복사하기],[Copy]
ui.report.copied_account,계좌번호가 복사되었습니다.,Account number copied to clipboard.
ui.report.cash_receipt,현금영수증,Cash Receipt
ui.report.receipt_no,미발행,No Receipt
ui.report.receipt_yes,발행 (,Issue Receipt (
ui.report.receipt_phone,휴대폰번호,Phone No
ui.report.btn_back,이전,Back
ui.report.btn_submit,리포트 요청하기,Submit Request
ui.report.btn_close,닫기,Close
ui.report.err_name,고객 이름을 입력해 주세요!,Please enter your name!
ui.report.err_email,이메일 주소를 입력해 주세요!,Please enter your email address!
ui.report.err_email_invalid,올바른 이메일 주소를 입력해 주세요!,Please enter a valid email address!
ui.report.err_budget,사용 가능 예산을 입력해 주세요!,Please enter your available budget!
ui.report.saved_temp,임시저장이 완료되었어요!,Temporary data has been saved!
ui.report.no_temp_data,저장된 임시데이터가 없어요!,No saved temporary data found!
ui.report.loaded_temp,임시저장이 불러와졌어요!,Temporary data has been loaded!
ui.report.err_receipt_phone,현금영수증 발급을 위해 휴대폰번호 또는 사업자등록번호를 입력해 주세요!,Please enter your phone number or business registration number for the cash receipt!
ui.report.submit_success,리포트 요청이 완료되었어요! 입금 확인 후 리포트 제작이 시작됩니다.,Report request submitted successfully! We will start generating your report after verifying payment.
ui.report.submit_error,리포트 요청 중 오류가 발생했어요. 다시 시도해 주세요.,An error occurred while submitting your request. Please try again.
ui.report.no_search_result,검색 결과가 없어요!,No search results found!
ui.report.no_address_found,주소를 찾을 수 없어요!,Could not find the address!
ui.report.age_0,20~26세,20-26 years
ui.report.age_1,27~32세,27-32 years
ui.report.age_2,33~40세,33-40 years
ui.report.age_3,41~50세,41-50 years
ui.report.age_4,51~60세,51-60 years
ui.report.age_5,61~70세,61-70 years
ui.report.age_6,71세~,71+ years
ui.report.family_1,1인,1 person
ui.report.family_2,2인,2 people
ui.report.family_3,3인,3 people
ui.report.family_4,4인,4 people
ui.report.family_5,5인,5 people
ui.report.family_6,6인 이상,6+ people
ui.report.children_0,없음,None
ui.report.children_1,1자녀,1 child
ui.report.children_2,2자녀,2 children
ui.report.children_3,3자녀,3 children
ui.report.children_4,4자녀 이상,4+ children
ui.report.children_type_0,---,---
ui.report.children_type_1,미성년,Minor
ui.report.children_type_2,성년,Adult
ui.report.children_type_3,미성년 + 성년,Minor + Adult
ui.report.income_00,"2,000만원 이하",Under 20 Million KRW
ui.report.income_01,"2,001만원 ~ 3,000만원",20M ~ 30M KRW
ui.report.income_02,"3,001만원 ~ 5,000만원",30M ~ 50M KRW
ui.report.income_03,"5,001만원 ~ 8,000만원",50M ~ 80M KRW
ui.report.income_04,"8,001만원 ~ 9,999만원",80M ~ 100M KRW
ui.report.income_05,1.00억원 ~ 1.50억원,100M ~ 150M KRW
ui.report.income_06,1.51억원 ~ 3.00억원,150M ~ 300M KRW
ui.report.income_07,3.01억원 ~ 5.00억원,300M ~ 500M KRW
ui.report.income_08,5.01억원 ~ 10.0억원,500M ~ 1 Billion KRW
ui.report.income_09,10.1억원 ~ 30.0억원,1B ~ 3B KRW
ui.report.income_10,30.1억원 ~ 50.0억원,3B ~ 5B KRW
ui.report.income_11,50.1억원 ~,Over 5B KRW
ui.report.reconstruction,재건축,Reconstruction
ui.report.presale_expected,예정,Expected
ui.report.presale_scheduled,분양예정,Pre-sale Scheduled
ui.report.presale,분양권,Pre-sale
ui.report.reconstruction_eligible,재건축 대상,Eligible for Reconstruction
ui.report.years_suffix,년차, years
ui.report.living,주거,Living
ui.report.transport,교통,Transport
ui.report.infra,인프라,Infra
ui.report.education,교육,Education
ui.report.comment_pop_title,{count}개의 우리 단지 랭커스톡,{count} Rankus Talk for this complex
ui.report.score_relative_guide,(지역구의 모든 단지에 대해 100점으로 환산한 상대 점수 입니다.),(This score is converted to 100 points compared to other complexes in the district.)
ui.report.login_guide,더 자세한 정보와 분석을 확인하세요,Log in to check more detailed information and analysis
ui.report.login_button,리얼랭커스 로그인,Log In
ui.report.simul_guide,"↓↓ 내 생각과 다르다면, 데이터를 바꿔 보세요! ↓↓","↓↓ If you have different thoughts, try changing the data! ↓↓"
ui.report.simul_button,랭크 시뮬레이션,Rank Simulation
ui.report.compare_button,단지 비교하기,Compare Complexes
ui.report.real_radar_map,리얼레이더맵,Real Radar Map
ui.report.map_click_guide,지도를 선택하면 주변 입지를 확인할 수 있어요!,Click the map to see the surrounding landmarks!
ui.report.premium_applied,적용,Applied
ui.report.house_num_label,세대수,Households
ui.report.house_num_unit,세대, households
ui.report.undetermined,미정,TBD
ui.report.unknown_house_num,세대수 미정,Unknown Households
ui.report.floor_rate_label,용적률,Floor Area Ratio (FAR)
ui.report.cover_rate_label,건폐율,Building Coverage
ui.report.parking_label,주차,Parking
ui.report.heating_label,난방방식,Heating
ui.report.entrance_label,현관구조,Entrance Style
ui.report.area_label,평형,Size
ui.report.rooms_baths_label,방수/욕실수,Rooms / Baths
ui.report.maintenance_label,평균 관리비,Avg. Maintenance Fee
ui.report.won_unit,원, KRW
ui.report.rebuild_comment,"재건축의 경우, 향후 신축이 될 가능성을 고려하여 용적률과 건폐율로 주거 점수를 계산합니다.","For reconstruction complexes, the living score is calculated using the floor area ratio (FAR) and building coverage, considering the redevelopment potential."
ui.report.pending_comment,"'미정' 항목이 있는 경우 평균치로 대체되어 계산되며, 향후 정보 업데이트에 따라 점수가 변경될 수 있습니다.","Any 'TBD' items are replaced with average values for calculation, and scores may change with future updates."
ui.report.living_score_guide,"주거총점 계산을 위한 정보는 네이버 부동산으로 취득하며, 세대수/평형/난방방식 등의 항목을 상대점수로 산정합니다.","Information for living score is fetched from Naver Land. Households, size, heating style, etc. are calculated as relative scores."
ui.report.floor_noise_label,층간소음,Floor Noise
ui.report.floor_noise_mgmt_label,층간소음 관리,Floor Noise Management
ui.report.noise_excellent,우수,Excellent
ui.report.noise_normal,보통,Normal
ui.report.no_info,정보 없음,No Info
ui.report.floor_noise_guide,층간소음 관리 정보는 층간소음 전문 연구소 주거문화개선연구소/층간소음에 안전한 아파트(앱)에서 제공됩니다.,Floor noise data is provided by the professional laboratory Living Culture Improvement Research Institute / Floor Noise Safe Apartment (App).
ui.report.nearest_station_label,가장 가까운 역,Nearest Station
ui.report.station_30m_label,30분 이내 도착 가능 주요역,Key stations within 30 min
ui.report.station_1h_label,1시간 이내 도착 가능 주요역,Key stations within 1 hour
ui.report.transport_guide_google,"가장 가까운 역은 직선거리로 계산됩니다.<br>주요역은 평일 출근시간대 하차인원이 가장 많은 역을 의미합니다.<br>30분, 1시간 이동 거리는 구글 대중교통 이동 시간 정보를 사용합니다.",Nearest station is calculated by straight line distance.<br>Key stations represent stations with high disembarking volume in weekday rush hours.<br>Travel times are based on Google transit data.
ui.report.transport_guide_tmap,"가장 가까운 역은 직선거리로 계산됩니다.<br>주요역은 평일 출근시간대 하차인원이 가장 많은 역을 의미합니다.<br>30분, 1시간 이동 거리는 T-MAP 대중교통 이동 시간 정보를 사용합니다.",Nearest station is calculated by straight line distance.<br>Key stations represent stations with high disembarking volume in weekday rush hours.<br>Travel times are based on T-MAP transit data.
ui.report.dept_store_3km_label,3km 이내 백화점,Dept. Store within 3km
ui.report.outlet_5km_label,5km 이내 아울렛/몰,Outlet/Mall within 5km
ui.report.mart_1km_label,1km 이내 대형마트,Big Mart within 1km
ui.report.market_300m_label,300m 이내 상권,Commercial Dist within 300m
ui.report.bank_500m_label,500m 이내 은행,Bank within 500m
ui.report.hospital_500m_label,500m 이내 병원,Hospital within 500m
ui.report.big_hospital_5km_label,5km 이내 대형병원,General Hospital within 5km
ui.report.park_500m_label,500m 이내 공원,Park within 500m
ui.report.big_park_1km_label,1km 이내 대형공원,Large Park within 1km
ui.report.harmful_3km_label,3km 이내 혐오시설,Objectionable Facility within 3km
ui.report.infra_guide_with_market,"인프라 정보는 각 백화점/마트 홈페이지, 은행연합회, 자원순환정보시스템, 공공데이터 포탈의 정보를 기반으로 산정되며, 상권은 호갱노노 정보를 사용합니다.","Infra information is based on official homepages of department stores/marts, Korea Federation of Banks, Korea Resource Circulation Service, and Public Data Portal, and commercial area is based on Hogangnono."
ui.report.infra_guide_base,"인프라 정보는 각 백화점/마트 홈페이지, 은행연합회, 자원순환정보시스템, 공공데이터 포탈의 정보를 기반으로 산정됩니다.","Infra information is based on official homepages of department stores/marts, Korea Federation of Banks, Korea Resource Circulation Service, and Public Data Portal."
ui.report.pSchool_distance_label,초등학교 거리,Elmtr School Distance
ui.report.pSchool_change_label,초등학교 학생증감,Elmtr School Enrollment Change
ui.report.transfer_in_heavy,많은 전입,Heavy Net In-migration
ui.report.transfer_in_light,적은 전입,Light Net In-migration
ui.report.transfer_neutral,전입/전출 적음,Stable Enrollment
ui.report.transfer_out_light,적은 전출,Light Net Out-migration
ui.report.transfer_out_heavy,많은 전출,Heavy Net Out-migration
ui.report.mSchool_achievement_label,중학교 보통 학력 이상,Middle School Achievement Rate
ui.report.harmful_facility_label,300m 이내 유흥시설/모텔,Nightlife/Motel within 300m
ui.report.edu_guide_base,교육 정보는 교육통계서비스 정보를 기반으로 산정됩니다.,Education information is based on Education Statistics Service.
ui.report.edu_guide_with_academy_and_harmful,"교육 정보는 교육통계서비스 정보를 기반으로 산정되며,<br>학원가는 호갱노노의 정보를 사용합니다.<br>초등학교까지의 거리는 직선거리로 계산됩니다.<br>유흥시설과 모텔정보는 교육 감점요소로 적용됩니다.","Education info is based on Education Statistics Service,<br>academies on Hogangnono.<br>Elementary school distance is straight line distance.<br>Nightlife and motels act as education penalty points."
ui.report.edu_guide_with_academy,"교육 정보는 교육통계서비스 정보를 기반으로 산정되며, 학원가는 호갱노노의 정보를 사용합니다.<br>초등학교까지의 거리는 직선거리로 계산됩니다.","Education info is based on Education Statistics Service,<br>academies on Hogangnono.<br>Elementary school distance is straight line distance."
ui.report.recent_sales_alert, (최근 1개월내 실거래는 빨간색으로 표시), (Transactions in recent 1 month highlighted in red)
ui.report.recent_sales_label,최근 매매,Recent Sales
ui.report.no_sales_info,거래 정보 없음,No Sales Info
ui.report.sales_price_label,매매 실거래가,Sales Price
ui.report.rent_price_label,전세 실거래가,Rent Price
ui.report.price_per_py_label,평단가,Price per Py
ui.report.rent_ratio_label,전세가율,Rent Ratio
ui.report.actual_price_label,실거래가,Actual Price
ui.report.ten_thousand_won,만원,0K KRW
ui.report.sales_info_guide,실거래가 정보는 네이버 부동산으로 취득합니다.,Transaction price information is retrieved from Naver Land.
ui.report.price_change_label,매매가변동,Price Trend
ui.report.show_graph_label,그래프보기,Show Graph
ui.report.region_info_guide,지역구 정보는 공공데이터포탈 정보를 기반으로 산정됩니다.,District information is based on the Public Data Portal.
ui.report.region_average,지역평균,District Avg
ui.report.living_score_label,주거총점,Living Score
ui.report.transport_score_label,교통총점,Transport Score
ui.report.infra_score_label,인프라총점,Infra Score
ui.report.edu_score_label,학군총점,Education Score
ui.report.population_score_label,인구총점,Population Score
ui.report.job_score_label,일자리총점,Job Score
ui.report.station_suffix,역, Station
ui.report.rank_suffix,위,""""""
ui.report.sort_default,균형잡힌,Balanced
ui.report.sort_living,주거우선,Living First
ui.report.sort_trans,교통우선,Transport First
ui.report.sort_infra,인프라우선,Infra First
ui.report.sort_edu,교육우선,Education First
ui.report.sort_custom,커스텀,Custom
ui.report.rearrange_rank,순위변동순,Rank Change
ui.report.rearrange_price,실거래가순,Price
ui.report.rearrange_new,신축순,Newest
ui.report.rearrange_house,세대수순,Households
ui.report.comment_restricted,신고에 의해 댓글 사용이 제한되었습니다,Comment access restricted due to reports
ui.report.comment_placeholder,우리 단지 랭커스톡을 남겨보세요,Share your thoughts about this complex
ui.report.comment_login_required,로그인 후 댓글을 작성할 수 있어요,You can write comments after logging in
ui.report.comment_be_first,첫 번째 랭커스톡의 주인공이 되어주세요!,Be the first to share your thoughts!
ui.report.comment_write_first,첫 번째 랭커스톡 쓰기,Write the first Rankus Talk
ui.report.comment_login_write,로그인 하고 랭커스톡 쓰기,Log in and write Rankus Talk
ui.report.comment_reply_leave,댓글 남기기,Leave a reply
ui.report.comment_edit,수정,Edit
ui.report.comment_delete,삭제,Delete
ui.report.comment_report_abuse,[신고하기],[Report]
ui.report.comment_hidden_accused,신고에 의해 가리기 처리된 글입니다.,This comment has been hidden due to reports.
ui.report.comment_hidden_restricted,부적절한 표현으로 가리기 처리된 글입니다.,This comment has been hidden due to inappropriate content.
ui.report.comment_first_visit,첫 번째 방문이네요!,This is the first visit!
ui.report.comment_nth_visit,{count}번째 방문이예요!,This is the {count} visit!
ui.report.comment_notice_header,건강한 랭커스톡을 만들어주세요!,Please write a healthy Rankus Talk!
ui.report.comment_notice_item1,"다른 사람 비방, 불쾌감 유발, 욕설은 임의로 삭제됩니다.","Slander, offensive content, and profanity will be deleted."
ui.report.comment_notice_item2,영리 목적의 게시글은 임의로 삭제됩니다.,Commercial postings will be deleted.
ui.report.comment_cancel,취소,Cancel
ui.report.comment_submit,등록,Submit
ui.report.comment_write_title,우리단지 랭커스톡 작성,Write Complex Rankus Talk
ui.report.comment_validation_empty,랭커스톡 작성 후 등록해 주세요!,Please write a comment before submitting!
ui.report.comment_validation_length_1000,최대 1000글자 까지 등록할 수 있어요!,You can write up to 1000 characters!
ui.report.comment_reply_title,댓글 작성,Write Reply
ui.report.comment_validation_reply_empty,댓글 작성 후 등록해 주세요!,Please write a reply before submitting!
ui.report.comment_validation_length_500,최대 500글자 까지 등록할 수 있어요!,You can write up to 500 characters!
ui.report.comment_edit_reply_title,우리동네 랭커스톡 댓글 수정,Edit Complex Rankus Talk Reply
ui.report.comment_edit_title,우리 단지 랭커스톡 수정,Edit Complex Rankus Talk
ui.report.comment_delete_confirm,정말 삭제할까요?,Are you sure you want to delete this?
ui.report.comment_no,아니요,No
ui.report.comment_yes,예,Yes
ui.report.comment_report_title,랭커스톡 신고하기,Report Rankus Talk
ui.report.comment_report_reply_title,랭커스톡 댓글 신고하기,Report Rankus Talk Reply
ui.report.comment_report_target_desc,{email}님의 랭커스톡을 신고합니다.,Report {email}'s Rankus Talk.
ui.report.comment_report_reply_target_desc,{email}님의 랭커스톡 댓글을 신고합니다.,Report {email}'s Rankus Talk Reply.
ui.report.comment_report_reason_abuse,욕설 / 비방,Abuse / Slander
ui.report.comment_report_reason_promo,홍보성,Promotional
ui.report.comment_report_reason_porn,음란물 / 선정성,Inappropriate / Obscene
ui.report.comment_report_reason_spam,같은 내용 반복,Spam
ui.report.comment_report_reason_other,기타,Other
ui.report.comment_report_reason_other_placeholder,기타 신고 이유를 작성해 주세요.,Please write other reason for report.
ui.report.comment_report_success,"{email}님의 랭커스톡이 신고되었습니다. <br> 운영정책 위배 여부 확인 후, 조치 예정입니다.",{email}'s post has been reported. <br> We will take action after reviewing policy violations.
ui.report.comment_report_confirm,확인,Confirm
ui.report.comment_accuse_btn,신고,Report
ui.report.show_naver_land,네이버 부동산 보기,View Naver Land
ui.report.show_hogangnono,호갱노노 보기,View Hogangnono
ui.report.default_comment_1,단지에 대해 어떻게 생각하시나요?,What do you think about this complex?
ui.report.default_comment_2,단지의 장점은 무엇인가요?,What are the advantages of this complex?
ui.report.default_comment_3,단지에 살면서 가장 만족스러운 점은 무엇인가요?,What is the most satisfying part of living in this complex?
ui.report.default_comment_4,아파트 주변의 교통 편의성은 어떤가요?,How is the transit accessibility around the apartment?
ui.report.default_comment_5,주변 교육 환경에 대해 어떻게 생각하시나요?,What do you think about the surrounding educational environment?
ui.report.default_comment_6,단지의 커뮤니티 시설은 만족스러운가요?,Are you satisfied with the community facilities in the complex?
ui.report.default_comment_7,아파트의 보안 시스템에 대해 어떻게 생각하시나요?,What do you think about the apartment's security system?
ui.report.default_comment_8,단지의 관리 상태는 어떤가요?,How is the maintenance status of the complex?
ui.report.default_comment_9,아파트의 이웃들은 어떤 분들인가요?,What kind of people are the neighbors in the apartment?
ui.report.default_comment_10,아파트의 가격 대비 가치에 대해 어떻게 생각하시나요?,What do you think about the value for money of the apartment?
ui.report.default_comment_11,단지의 자연 환경은 어떤가요?,How is the natural environment of the complex?
ui.report.default_comment_12,아파트의 주차 시설은 만족스러운가요?,Are you satisfied with the parking facilities of the apartment?
ui.report.default_comment_13,단지의 소음 수준은 어떤가요?,How is the noise level in the complex?
ui.report.default_comment_14,단지의 편의 시설은 만족스러운가요?,Are you satisfied with the amenities in the complex?
ui.report.default_comment_15,단지의 위치는 생활에 편리한가요?,Is the location of the complex convenient for living?
ui.report.default_comment_16,아파트의 디자인과 건축 품질에 대해 어떻게 생각하시나요?,What do you think about the design and construction quality of the apartment?
ui.report.weight_default_suffix, 가중치 (기본값), weights (default)
ui.report.unified_search_notice,빠른 검색 속도를 위해 <br> 두 글자 이상부터 검색할 수 있도록 해 두었어요!,"To ensure fast search speed, you can search with at least 2 characters!"
ui.report.recent_search,최근검색,Recent Search
ui.report.searched_suffix,에 검색, (Searched)
ui.report.rearrange_region_notice,전국 시군구 내에서 정렬합니다,Sorting within districts nationwide
ui.compare.sido,시도,City/Province
ui.compare.gungu,시군,District
ui.compare.complex,단지,Complex
ui.compare.address,주소,Address
ui.compare.years,년차,Years
ui.compare.house_num,세대수,Households
ui.compare.parking,주차,Parking
ui.compare.heating,난방,Heating
ui.compare.entrance,현관,Entrance
ui.compare.floor_rate,용적률,FAR
ui.compare.cover_rate,건폐율,Coverage
ui.compare.rebuild_comment,"재건축 아파트의 경우 용적률 및 건폐율이 낮아 사업성이 좋을 수 있으므로, 대지지분을 함께 고려해 주거 가치 점수를 산정합니다.","For reconstruction complexes, the living score is calculated using the floor area ratio (FAR) and building coverage, considering the redevelopment potential."
ui.compare.nearest_station,가까운역,Nearest Station
ui.compare.within_30m,30분이내,Within 30m
ui.compare.within_1h,1시간이내,Within 1h
ui.compare.transport_comment,가장 가까운 역은 직선거리 기준입니다.<br>주요 거점역은 주중 출퇴근 시간 하차 인원이 많은 역 기준입니다.<br>이동시간은 구글 교통정보 대중교통 기준입니다.,The nearest station is calculated by straight-line distance.<br>Key stations represent stations with high disembarking volume in weekday rush hours.<br>Travel times are based on Google transit data.
ui.compare.dept_store,백화점(3km),Dept. Store (3km)
ui.compare.outlet,아울렛/몰(5km),Outlet/Mall (5km)
ui.compare.mart,대형마트(1km),Big Mart (1km)
ui.compare.market_300m,상권(300m),Commercial (300m)
ui.compare.bank,은행(500m),Bank (500m)
ui.compare.hospital,병원(500m),Hospital (500m)
ui.compare.big_hospital,대형병원(5km),General Hosp (5km)
ui.compare.park,공원(500m),Park (500m)
ui.compare.big_park,대형공원(1km),Large Park (1km)
ui.compare.harmful,혐오시설(3km),Objectionable (3km)
ui.compare.pSchool_distance,초교거리,Elmtr Distance
ui.compare.pSchool_change,초교학생증감,Enrollment Change
ui.compare.mSchool_achievement,중등성취도,Middle School Achv
ui.compare.mSchool_achievement_mobile,중등성취도,Middle School<br>Achv
ui.compare.academy_300m,학원가(300m),Academy (300m)
ui.compare.academy_1km,학원가(1km),Academy (1km)
ui.compare.edu_harmful,유흥/모텔(300m),Nightlife/Motel (300m)
ui.compare.latest_sales,최근거래,Recent Sales
ui.compare.table_sales_rent,매매/전세,Sales / Lease
ui.compare.table_size,평형,Size
ui.compare.no_deal_history,거래이력없음,No deals
ui.compare.no_info,정보없음,No Info
ui.compare.not_applicable,해당없음,N/A
ui.compare.load_failed,불러오기 실패했어요. 다시 시도해 주세요.,Failed to load. Try again.
ui.compare.search_min_length_notice,빠른 검색 속도를 위해 <br> 두 글자 이상부터 검색할 수 있도록 해 두었어요!<br>,"To ensure fast search speed, <br> please search with at least 2 characters!<br>"
ui.compare.real_price,실거래가,Actual Price
ui.compare.recent_deal,최근거래,Recent Deal
ui.compare.price_by_size,평형별 시세,Deals by Size
ui.compare.rank,RANK,RANK
ui.build_year_unit,년차,yrs
ui.sorting.map_only_balanced,지도에 표시되는 랭커 정보는 '균형잡힌' 정렬 방식으로만 보여져요!,Map ranks are only displayed in 'Balanced' sort mode!
ui.sorting.map_notice,지도에 표시되는 랭커는 '균형잡힌' 정보로만 보여집니다.,Ranks shown on the map are based on 'Balanced' criteria.
ui.sorting.title,랭크 설정,Rank Settings
ui.sorting.desc,"각 항목별 점수는 변하지 않으며, 가중치에 따라 총점을 다시 계산합니다.","Individual scores remain the same, only the total score is recalculated based on weights."
ui.sorting.living,주거,Living
ui.sorting.transport,교통,Transport
ui.sorting.infra,인프라,Infra
ui.sorting.edu,교육,Edu
ui.sorting.hide_on_change,지역 변경 시 표시하지 않기,Do not show on region change
ui.sorting.close,닫기,Close
ui.sorting.apply,적용,Apply
ui.profile.title,사용자정보,User Profile
ui.profile.name,이름,Name
ui.profile.nickname,별명,Nickname
ui.profile.email,이메일,Email
ui.profile.birthday,생년월일,Birthday
ui.profile.gender,성별,Gender
ui.profile.gender_m,남성,Male
ui.profile.gender_f,여성,Female
ui.profile.gender_none,제공 안 함,Not provided
ui.profile.provider,로그인 제공,Login provider
ui.profile.naver,네이버,Naver
ui.profile.kakao,카카오,Kakao
ui.profile.apple,Apple,Apple
ui.map.visits,{count}명 방문,{count} visits
ui.map.price_unit,억,M
ui.map.area_unit,평,py
ui.radar_map.commercial_district,상권,Commercial Area
ui.radar_map.academy_district,학원가,Academy Area
ui.radar_map.department_store,백화점,Department Store
ui.radar_map.park,공원,Park
ui.radar_map.presale,분양,Presale
ui.radar_map.elementary_school,초등학교,Elementary School
ui.radar_map.middle_school,중학교,Middle School
ui.radar_map.bank,은행,Bank
ui.radar_map.drink_pub,주점,Drink/Pub
ui.radar_map.motel,모텔,Motel
ui.simul_result_title,랭크 시뮬레이션 결과,Rank Simulation Result
ui.balanced_score_label,종합,Overall
ui.expected_grade,예상,Expected
ui.view_premium_label,조망 프리미엄,View Premium
ui.age_label,연차,Building Age
ui.parking_per_house,세대당 주차수,Parking spaces per Household
ui.custom_living_bonus,내맘대로 주거 가점,Custom Living Bonus
ui.nearest_station_dist,가장 가까운 역 거리,Distance to nearest station
ui.major_stations_30m,30분 이내 도착 가능 주요역,Major stations within 30 min
ui.major_stations_1h,1시간 이내 도착 가능 주요역,Major stations within 1 hour
ui.custom_trans_bonus,내맘대로 교통 가점,Custom Transport Bonus
ui.dept_store_3km,3km 이내 백화점,Department stores within 3km
ui.outlet_mall_5km,5km 이내 아울렛/몰,Outlets/Malls within 5km
ui.mart_1km,1km 이내 대형마트,Hypermarkets within 1km
ui.stores_300m,300m 이내 상점,Convenience stores within 300m
ui.banks_500m,500m 이내 은행,Banks within 500m
ui.hospitals_500m,500m 이내 병원,Hospitals within 500m
ui.large_hospitals_5km,5km 이내 대형병원,General hospitals within 5km
ui.parks_500m,500m 이내 공원,Parks within 500m
ui.large_parks_1km,1km 이내 대형공원,Large parks within 1km
ui.harmful_facility_3km,3km 이내 혐오시설,Unwanted facilities within 3km
ui.custom_infra_bonus,내맘대로 인프라 가점,Custom Infra Bonus
ui.elem_school_dist,초등학교 거리,Distance to primary school
ui.elem_school_student_change,초등학교 학생증감,Primary school student trend
ui.elem_school_achievement,중학교 학업성취도,Middle school achievement
ui.academies_300m,300m 이내 학원,Academies within 300m
ui.academies_1km,1km 이내 학원,Academies within 1km
ui.harmful_facility_300m,300m 유흥시설/모텔,Nightlife/Motels within 300m
ui.custom_edu_bonus,내맘대로 교육 가점,Custom Education Bonus
ui.simulation_label,시뮬레이션,Simulation
ui.existing_label,기존,Current
ui.living,주거,Living
ui.transport,교통,Transport
ui.infra,인프라,Infra
ui.edu,교육,Education
ui.living_score_label,주거총점,Living Score
ui.transport_score_label,교통총점,Transport Score
ui.infra_score_label,인프라총점,Infra Score
ui.edu_score_label,교육총점,Education Score
ui.house_num_label,세대수,No. of Households
ui.heating_label,난방방식,Heating System
ui.entrance_label,현관구조,Entrance Type
ui.price_change_label,매매가변동,Price Change
ui.show_graph_label,그래프보기,Show Graph
ui.no_sales_info,거래 정보 없음,No transaction data
ui.give_custom_living_bonus,내맘대로 주거 가점 주기,Give Custom Living Bonus
ui.give_custom_trans_bonus,내맘대로 교통 가점 주기,Give Custom Transport Bonus
ui.give_custom_infra_bonus,내맘대로 인프라 가점 주기,Give Custom Infra Bonus
ui.give_custom_edu_bonus,내맘대로 교육 가점 주기,Give Custom Education Bonus
ui.view_result,결과 보기,View Results
ui.analyzing,열심히 분석 중이예요!,Analyzing...
ui.station_area_label,역세권 여부,Station Area Status
ui.rank_simulation,랭크 시뮬레이션,Rank Simulation
ui.notice.title,리얼랭커스에서 알려드립니다,Notice from Realrankus
ui.notice.coffeechat_title,"{years}년 차를 맞이한 지속 가능한 AI 서비스, 리얼랭커스",Celebrating {years} Years of Sustainable AI Service | Realrankus
ui.notice.coffeechat_desc,<strong>2022년 런칭 이후 1인 기업으로서 꾸준한 데이터 업데이트와 고도화를 통해 시장의 신뢰를 쌓아왔습니다. 서비스의 미래 비전 혹은 협업에 관한 가벼운 커피챗 제안을 기다리고 있습니다.</strong>,"<strong>Since launching in 2022 as a solopreneur, I have built market trust through continuous data updates and refinement. I welcome light coffee chat proposals regarding the service's future vision or collaboration.</strong>"
ui.notice.coffeechat_label,커피챗 : ,Coffee Chat: 
ui.notice.what_is_realrankus,리얼랭커스란?,What is Realrankus?
ui.notice.intro_desc1,"리얼랭커스는 '주거', '인프라', '교통', '교육환경'을 AI로 분석하여 점수로 계산하여 입지 정보를 제공하는 서비스 입니다.","Realrankus is an AI-powered service that evaluates location data for 'Living', 'Transit', 'Infra', and 'Edu' to calculate scores and rankings."
ui.notice.intro_desc2,"리얼랭커스의 점수는 '가격' 및 '지형고도'를 제외하고 산정되며, 그 결과는 생각하시는 순위와 크게 다를 수 있습니다.","Realrankus scores exclude 'Price' and 'Topographic Elevation', which means the results may differ significantly from your expectations."
ui.notice.intro_warning,"<strong> 리얼랭커스의 점수는 투자지표가 아님을 말씀드리며, 투자 판단에 대한 모든 책임은 투자자 본인에게 있습니다.</strong>","<strong>Please note that Realrankus scores are not investment indicators, and all responsibility for investment decisions lies with the investor.</strong>"
ui.notice.kakao_channel_alert,업데이트 알림은 <a href='http://pf.kakao.com/_vESNb' target='_blank'>카카오톡 채널</a>을 통해 전달됩니다.,Update notifications are delivered via our <a href='http://pf.kakao.com/_vESNb' target='_blank'>KakaoTalk Channel</a>.
ui.notice.bullet_1,리얼랭커스의 점수는 투자지표가 아님을 말씀드립니다. 투자 판단에 대한 모든 책임은 투자자 본인에게 있습니다.,Please note that Realrankus scores are not investment indicators. All responsibility for investment decisions lies with the investor.
ui.notice.bullet_2,"모든 점수는 환경 요소를 분석한 AI가 선정하며, 일체의 임의적 조작을 가하지 않습니다.","All scores are determined by AI analyzing environmental factors, with no manual manipulation whatsoever."
ui.notice.bullet_3,"점수는 해당 지역구의 상대 점수이며, 다른 지역구의 동일 점수와 같은 가치를 나타내지 않습니다.","Scores are relative values within the respective district, and a score does not represent the same value in other districts."
ui.notice.bullet_4,80세대 이하의 단지는 통계에서 제외됩니다.,Complexes with 80 units or fewer are excluded from statistics.
ui.notice.bullet_5,"재건축 단지의 경우, 용적률과 건폐율로 주거 점수를 산정합니다.","For reconstruction complexes, the housing score is calculated using the floor area ratio and building coverage ratio."
ui.notice.bullet_6,수도권 교통 정보는 지하철역 위치 정보를 기반으로 산정됩니다.,Transit scores in the Seoul metropolitan area are calculated based on subway station location data.
ui.notice.bullet_7,"인프라 정보는 각 백화점/마트 홈페이지, 은행연합회, 자원순환정보시스템, 공공데이터 포탈의 정보를 기반으로 산정됩니다.","Infrastructure data is calculated based on website information from department stores/marts, the Korea Federation of Banks, the Resource Circulation Information System, and the Public Data Portal."
ui.notice.bullet_8,교육 정보는 교육통계서비스 정보를 기반으로 산정됩니다.,Education data is calculated based on information from the Educational Statistics Service.
ui.notice.bullet_9,지역구 정보는 공공데이터포탈 정보를 기반으로 산정됩니다.,District data is calculated based on information from the Public Data Portal.
ui.notice.bullet_10,"모든 정보는 월 1회 업데이트 예정이며, 각 기반 정보의 업데이트 시점에 따라 변동 가능성이 있습니다.","All information is scheduled to be updated once a month, subject to changes depending on the update timing of the source data."
ui.notice.bullet_11,"문의사항, 오류수정, 개선제안은 이메일 또는 카카오톡을 통해 문의해 주세요.","For inquiries, error reports, or suggestions, please contact us via email or KakaoTalk."
ui.notice.connection_status,{os} {app}으로 접속되었습니다.,Connected via {os} {app}.
ui.notice.cookie_checkbox,다음 업데이트까지 보지 않기,Do not show until next update
ui.notice.ios_install,iOS 앱 설치,Install iOS App
ui.notice.android_install,Android 앱 설치,Install Android App
ui.notice.kakao_channel,카카오톡 채널,KakaoTalk Channel
ui.notice.kakao_chat,카카오톡 1:1 문의,KakaoTalk 1:1 Inquiry
